[
  {
    "ID": 1,
    "restaurantName": "Le Select",
    "address": "99 Boulevard du Montparnasse, 75006 Paris",
    "description": "Très bon restaurant de Plancha, cuisine généreuse",
    "lat": 48.842702,
    "long": 2.328434,
    "ratings": [
      {
        "stars": 4,
        "author": "Marc",
        "comment": "Un excellent restaurant, j'y reviendrai ! Par contre il vaut mieux aimer la viande."
         },
      {
        "stars": 5,
        "author": "Sylvain",
        "comment": "Tout simplement mon restaurant préféré !"
         },
      {
        "stars": 5,
        "author": "Patrick",
        "comment": "Généreux !!! Rien à dire de plus."
         },
      {
        "stars": 4,
        "author": "Marc",
        "comment": "Un excellent restaurant, j'y reviendrai ! Par contre il vaut mieux aimer la viande."
         },
      {
        "stars": 5,
        "author": "Sylvain",
        "comment": "Tout simplement mon restaurant préféré !"
         },
      {
        "stars": 5,
        "author": "Patrick",
        "comment": "Généreux !!! Rien à dire de plus."
         }
      ]
   },
  {
    "ID": 2,
    "restaurantName": "L'Atelier",
    "address": "95 Boulevard du Montparnasse, 75006 Paris",
    "description": "Des pizzas comme en Italie, fine et gourmande",
    "lat": 48.842751,
    "long": 2.328118,
    "ratings": [
      {
        "stars": 5,
        "author": "Elodie",
        "comment": "Une minuscule pizzeria délicieuse cachée juste à côté du Sacré choeur !"
         },
      {
        "stars": 3,
        "author": "Paul",
        "comment": "J'ai trouvé ça correct, sans plus"
         },
      {
        "stars": 2,
        "author": "Yasmine",
        "comment": "Pâtes froides !"
         },
      {
        "stars": 5,
        "author": "Elodie",
        "comment": "Une minuscule pizzeria délicieuse cachée juste à côté du Sacré choeur !"
         },
      {
        "stars": 3,
        "author": "Paul",
        "comment": "J'ai trouvé ça correct, sans plus"
         },
      {
        "stars": 2,
        "author": "Yasmine",
        "comment": "Pâtes froides !"
         }
      ]
   },
  {
    "ID": 3,
    "restaurantName": "Le Relais de l'Entrecôte",
    "address": "101 Boulevard du Montparnasse, 75014 Paris",
    "description": "Un restaurant qui vous fera oublier votre barbecue !",
    "lat": 48.842506,
    "long": 2.328730,
    "ratings": [
      {
        "stars": 5,
        "author": "Bryan",
        "comment": "La meilleure viande grillée au monde"
         },
      {
        "stars": 3,
        "author": "Sophie",
        "comment": "Très bon !"
         },
      {
        "stars": 4,
        "author": "Andrei",
        "comment": "Du solide ! Tentez l'entrecôte !"
         },
      {
        "stars": 5,
        "author": "Bryan",
        "comment": "La meilleure viande grillée au monde"
         },
      {
        "stars": 3,
        "author": "Sophie",
        "comment": "Très bon !"
         },
      {
        "stars": 4,
        "author": "Andrei",
        "comment": "Du solide ! Tentez l'entrecôte !"
         }
      ]
   },
  {
    "ID": 4,
    "restaurantName": "La Coupole",
    "address": "102 Boulevard du Montparnasse, 75014 Paris",
    "description": "Quand Healthy et Gastro s'allient pour votre repas !",
    "lat": 48.842267,
    "long": 2.327940,
    "ratings": [
      {
        "stars": 1,
        "author": "Tristan",
        "comment": "Rien dans l'assiette. Pour ce prix !"
         },
      {
        "stars": 2,
        "author": "Anne",
        "comment": "Correct mais trop cher"
         },
      {
        "stars": 3,
        "author": "Hélène",
        "comment": "Cher mais pas mal et le personnel est sympa"
         },
      {
        "stars": 1,
        "author": "Tristan",
        "comment": "Rien dans l'assiette. Pour ce prix !"
         },
      {
        "stars": 2,
        "author": "Anne",
        "comment": "Correct mais trop cher"
         },
      {
        "stars": 3,
        "author": "Hélène",
        "comment": "Cher mais pas mal et le personnel est sympa"
         }
      ]
   },
  {
    "ID": 5,
    "restaurantName": "L'Apollo",
    "address": "106 Boulevard du Montparnasse, 75014 Paris",
    "description": "Le resto de la pizza, en plus en illimité !",
    "lat": 48.842177,
    "long": 2.328657,
    "ratings": [
      {
        "stars": 5,
        "author": "Vincent",
        "comment": "Formule illimité de ouf ! Pizza à volonté !!!"
         },
      {
        "stars": 3,
        "author": "Pauline",
        "comment": "Beaucoup (trop) à manger et juste bon..."
         },
      {
        "stars": 4,
        "author": "Théo",
        "comment": "Entre potes excellent l'illimité !"
         },
      {
        "stars": 5,
        "author": "Vincent",
        "comment": "Formule illimité de ouf ! Pizza à volonté !!!"
         },
      {
        "stars": 3,
        "author": "Pauline",
        "comment": "Beaucoup (trop) à manger et juste bon..."
         },
      {
        "stars": 4,
        "author": "Théo",
        "comment": "Entre potes excellent l'illimité !"
         }
      ]
   },
  {
    "ID": 6,
    "restaurantName": "Le Dôme",
    "address": "108 Boulevard du Montparnasse, 75014 Paris",
    "description": "Toutes les saveurs de l'Asie dans votre assiette",
    "lat": 48.842002,
    "long": 2.329075,
    "ratings": [
      {
        "stars": 4,
        "author": "Camille",
        "comment": "Plein de produits, de saveurs, à tester !"
         },
      {
        "stars": 1,
        "author": "Sarah",
        "comment": "Genre malade le lendemain, super..."
         },
      {
        "stars": 4,
        "author": "Peter",
        "comment": "Très bon"
         },
      {
        "stars": 4,
        "author": "Camille",
        "comment": "Plein de produits, de saveurs, à tester !"
         },
      {
        "stars": 1,
        "author": "Sarah",
        "comment": "Genre malade le lendemain, super..."
         },
      {
        "stars": 4,
        "author": "Peter",
        "comment": "Très bon"
         }
      ]
   }
]